"Rezeptname","Overview","Highlights","Zutaten_Basis","Zutaten_Topping","Zubereitung","Nährwerte_pro_Stück","Video"
"FROZEN STRAWBERRY MATCHA BITES","Ohne Zucker Zusatz; High Protein; Super einfach und lecker","Unbedingt abspeichern und ausprobieren, wenn du Matcha und Erdbeeren liebst!","200g Magerquark; 20g More Sahne Protein; 4 Löffel Stevia Chunky Flavour Strawberry Perfection; 200g Erdbeeren","50g Light Chocolate Drops - White Chocolate More; 15g More Protein Iced Matcha Latte","Den Quark mit dem Sahne Protein und Chunky verrühren; Die Erdbeeren klein schneiden, unterheben und aus der Masse Kleckse auf einen Backpapier formen; 2-3 Stunden ins Gefrierfach geben, bis diese komplett gefroren sind; Die Schokolade im Wasserbad schmelzen (Tipp, wenn sie gut flüssig werden soll: etwas Kokosöl dazu) den Matcha einrühren und die gefrorenen Bites darin wenden. Fertig!","78 kcal / 3g Fett / 7g KH / 6g Protein","https://www.instagram.com/p/DHaxlyZsdVK/"
"VIRALE ONEPOT PARMESAN HÄHNCHEN PASTA","in der kalorienarmen fitness Version; einfach und schnell gemacht; mit nur 560 kcal pro Portion; und über 60g Protein p.P!","Unverschämt cremig und lecker und sogar perfekt zum Abnehmen so könnt ihr auch euren Schatz vom kalorienarmen Essen überzeugen - garantiert! abspeichern und ganz schnell ausprobieren!","Etwas Ölspray; 350g Hähnchen Brust (eingerieben mit Paprika Gewürz und „italian allounder“ more Spices); 15g Butter leicht; 1 große rote Zwiebel; 2-3 Knoblauch Zehen; 200ml heißes Wasser; 80ml Soja Cuisine light oder 7% Kochsahne; Gewürze nach Wahl, hier Steakpfeffer, Italian Allrounder und Paprika Gewürz + Salz; 120g Tagliatelle; 40g Parmesan gerieben; 50ml Mandelmilch + 40g more Protein „Sahne“; Petersilie als deko","","das Hähnchen mit den Gewürzen einreiben und mit etwas Ölspray unter mehrerem wenden mit einem Deckel auf niedriger Stufe saftig in einer Pfanne durchgaren; Hähnchen aus der Pfanne nehmen, die Butter hinzugeben und die gehackte Zwiebel und Knoblauch glasig dünsten; Mit dem Wasser und der Kochsahne ablöschen, würzen und die Nudeln darin drapieren. (Ihr könnt auch gekochte Nudeln nehmen, dann weniger Wasser dazu); 3/4 des Parmesan unterrühren, Hitze runter, das mit Mandelmilch angerührte Sahne Protein einrühren, Hitze minimal, Hähnchen geschnitten darauf drapieren, mit Käse abschließen und genießen","560 kcal: 49g KH/ 12g Fett/ 62g Protein","https://www.instagram.com/p/DHWeiz-uB_E/"
"CHEESECAKE Toasts zum Abnehmen!","unter 400 kcal; in unter 10 min im Ofen; 30g Protein; perfekte kleine WPF Mahlzeit","","2 Toast (70g hier); 80g Magerquark; 1 Ei; 20g more Protein Sahne; 3-6g Chunky Flavour „Vanilla Perfection“; 50g Beeren frisch","","Backofen auf 180 Grad Umluft vorheizen und 2 Toast in der Mitte mit einem Löffel etwas platt drücken/ eine Mulde bilden; Die Cheesecake Creme aus Magerquark, Ei, Sahne Protein und Chunky anrühren; Creme in die Toast Mulden geben, mit Beeren toppen und bei 180 Grad Umluft ca 15 min backen. Fertig!","396 kcal: 47g Kh/ 10g Fett/ 30g Protein","https://www.instagram.com/p/DHT_5NCMHV0/"
"Bienes BLITZ ABNEHM AUFLAUF","mit fast 600g Gemüse; in 10 min im Ofen; mit 50g Protein; perfekte große WPF Mahlzeit","So einfach und lecker kann gesund Abnehmen sein! Auch ohne Lust auf lange kochen! Glaub mir, den wirst du lieben! abspeichern und ganz schnell ausprobieren!!","350g TK Kaiser Gemüse; 230g Kartoffeln vom Vortag; 40g (eine Tüte) more Protein Saucen fix „helle Sauce“ / alternativ zb light Hollandaise Sauce mit Sahne Protein anrühren, hat dann aber etwas mehr kcal; 30g Feta light; 50g Reibe Käse light","","TK Gemüse in der Mikrowelle oder im Topf 8 min köcheln. Kartoffeln sind bereits gekocht; Gemüse und Kartoffeln in eine Auflaufform geben, Ofen auf 180 Grad Umluft vorheizen; Protein Saucen fix nach Anleitung mit Wasser anrühren und unter die Kartoffeln und das Gemüse rühren; Feta Käse und Reibekäse dazu geben und alles 15 min bei 180 Grad überbacken, fertig!","596 kcal: 50g KH/ 16g Fett/ 51g Protein","https://www.instagram.com/p/DHMTBCCMr4d/"
"Viraler TACO SALAT","Zubereitet in 15 min; Perfekt zum Abnehmen; Mit 50g Protein; Highlight auf jeder Grillfeier","Dieser Salat ist das perfekte Abnehm-Rezept, weil er super sättigend ist, durch viel Gemüse und Proteine und unnötige Kcal im Dressing spart und somit hilft, einfacher ins Kaloriendefizit zu kommen.","150g Eisberg Salat; 100g Kleine Tomaten; 200g Veggie Hack oder light Hack; 50g Passierte Tomaten / 3 Kellen Wasser; Gewürz nach Wahl (hier More Spices „Italian Allrounder“); 30g Gouda light gerieben; 100g Sour Cream; 60g Lore Light Gourmet Sauce „Deluxe Burger Sauce“; 2 Jalapenos; 20g More Protein Chips „Salty“","","Eisbergsalat und Tomaten klein schneiden; Das Hack in einer Pfanne anbraten und mit passierten Tomaten und Wasser ablöschen und würzen; Den Salat mit den folgenden Zutaten schichten: Eisberg Salat, 2/3 der Hack Mischung, Reibe Käse, Tomaten, Sour Cream, Burger Sauce, Jalapenos, Protein Chips, Rest des Hacks und Petersilie. Wer mag kann mit einer scharfen Sauce abschließen. Fertig!","748 kcal: 39g KH / 39g Fett/ 50g Protein; Perfekte für eine große WPF Mahlzeit","https://www.instagram.com/p/DHIvVsbMjgE/"
"Der einfachste Abnehm - Cheesecake","in unter 10 min im Ofen; 165g Protein; einfache Zutaten; kalorienarm; ohne Zucker","","500g Magerquark; 400g exquisa fitline 0,2%; 100ml Cremfine Kochsahne 7%; 3 Eier; 1 Packung Puddingpulver Vanille; 3 oder mehr Löffel more Chunky Flavour „Hazelnut Milky Cream“ oder anderes Süßungsmittel nach Wahl; Optional für noch mehr Proteine: 40g Sahne Protein more (falls nicht vorhanden: 40g Mehl oder 15g Speisestärke)","100g high Protein Pudding (Ehrmann/ Eigenmarke Rewe) in Haselnuss oder Schoko","Alle Zutaten in eine Schüssel geben und vermixen; In eine 18er Springform füllen (meine kann ich sehr empfehlen, ist von @cooxwunderform und man braucht den Kuchen nicht stürzen + es klebt nichts fest, ohne Fetten! Code „BIENE“ für Rabatt); Im Backofen bei 160 Grad Umluft oder 180 Grad O/U ca 50 min backen (nach 30 min einmal mit einem Messer am Rand entlang gehen, damit der Kuchen möglichst nicht reißt); Ist nach dem Backen noch sehr weich/ flüssig. Bei leicht geöffneter Backofen Tür auskühlen lassen und am besten eine Nacht im Kühlschrank ziehen lassen = die perfekte Konsistenz!; Als Topping den high Protein Haselnuss Pudding in der Mikrowelle erwärmen und flüssig drauf geben. Wird sofort fest und ein super leckerer Spiegel","176 kcal: 5g Fett/ 12g KH/ 21g Protein","https://www.instagram.com/p/DHB15pBMcGV/"
"MEALPREP OVERNIGHT OATS","fertig in 5 Minuten; nur 394 kcal; 50g Protein; ballaststoffreich; ohne Zuckerzusatz","Das wird dein neues Lieblings Frühstück und Mealprep to Go gesund, ballaststoffreich und perfekt für jede Diät!","30g Haferflocken zart; 35g more Protein „Sahne“; 5g Flohsamenschalen; 3g Chunky Flavour „Vanilla Perfection“; 100g Magerquark; 100ml Mandelmilch","100g Magerquark + Chunky nach Wahl (hier: Lemon ice cream cake); Tipp: Du kannst auch noch TK Obst als Topping einbauen","Alle Zutaten bis auf das Topping in einem Glas verrühren und glatt streichen; Dann den Topping Quark mit dem Chunky anrühren und auf die Haferflocken Masse geben; für 1-2 Stunden oder am besten über Nacht in den Kühlschrank geben - fertig!; Wer mag, kann das Ganze noch mit Butterkeks Bröseln, TK Obst Nussmus oder Kokosraspeln toppen - ihr werdet es lieben!","394 kcal/ 30g KH/ 6g Fett/ 50g Protein; perfekte, kleine WPF Mahlzeit","https://www.instagram.com/p/DG8tyjJskct/"
"VIRALES MONKEY BREAD","in unter 5 Minuten gemacht; mit 36g Protein; perfekt für Lotus- und Zimt-Zucker-Fans; optimale kleine WPF Mahlzeit","wenn du das noch nicht kennst: robier es unbedingt aus! Es geht unfassbar fix gemacht und zum Verlieben lecker! Ein bisschen wie eine weiche Hefe Zimtschnecke - nur schneller!","Teig: 50g Dinkelmehl; 30g More Protein „Sahne“; 3g Chunky Flavour „Pure Honey“ oder anderes nach Wahl; 5g Backpulver; 60g Magerquark; 20ml Mandelmilch","Topping: Erythrit-Zimt-Gemisch; 16g Lotus Creme","Mehl, Sahne Protein, Chunky Flavour, Backpulver, Magerquark und Milch zu einem leicht klebrigen Teig verkneten; Aus dem Teig 8 Kugeln formen; Die Kugeln in einer Erythrit-Zimt-Mischung wälzen und in eine Schale stapeln; Etwas erwärmte Lotus Creme darauf geben und alles für 1,5 Min. in die Mikrowelle geben - fertig!","Nährwerte mit Topping: 443 kcal: 54g KH/ 9g Fett/ 36g Protein; Nährwerte ohne Topping: 348 kcal: 45g KH/ 3g Fett/ 36g Protein","https://www.instagram.com/p/DG2uF1kseSQ/"
"CHEESEBURGER KARTOFFEL KUCHEN","in 15 Minuten im Ofen; 120g Protein gesamt!","","450g Kartoffeln; 250g Hack (hier Veggie Rügenwalder Mühle, sonst light normales Hack); 250g Gewürzgurken; Gewürze nach Wahl (hier „Knobilicious“ = zuckerfreies Gewürz von more); 60ml Mandelmilch; 50g more Protein Sahne; 2 Eier M; 100g light Gourmet „Burger Sauce“ more (oder eine andere leichte Burger Sauce); 80g Reibe Käse light","","Kartoffeln weich kochen und in einer 18cm Springform andrücken. Wer mag: 10 min bei 180 Grad Umluft im Ofen vorbacken; Währenddessen Hack in einer Pfanne anbraten und Gewürzgurken in Scheiben geschnitten dazu geben und würzen; Die Hack Mischung auf die Kartoffel Masse geben. Milch mit Sahne Protein anrühren, salzen und mit den Eiern vermengen und drüber gießen; Mit der Burger Sauce und Reibe Käse toppen und ca 30 min bei 180 Grad Umluft backen& genießen!","Nährwerte pro Stück: 374 kcal: 15g Fett/ 23g KH/ 30g Protein; perfekte kleine WPF Mahlzeit; Nährwerte Hälfte: 748 kcal/ 29g Fett/ 46g KH/ 60g Protein; große WPF Mahlzeit","https://www.instagram.com/p/DGycE02stgR/"
"Bienes legendärer XL PROTEIN PANCAKE","in 10 min gemacht; nur 389 kcal; ohne Zucker; 38 Protein und nur 33g KH!; macht super satt","Der passt garantiert in jede Diät & schmecht so gar nicht nach Kaloriensparen!","Basis: 40g Dinkelmehl; 25g more Protein „Sahne“; 3g more Chunky Flavor „Vanilla Perfection“; 4g Backpulver; 50g Magerquark; 1 Ei; 80ml Mandelmilch ungesüsst","Topping: frische Erdbeeren, Himbeeren und light Sahne","Die trockenen Zutaten für den Teig vermengen; Das Ei, den Magerquark & die Milch hinzugeben und alles zu einem zähflüssigen Teig verrühren; Eine Pfanne vorheizen und mit 2 kcal Ölspray (MORE) besprühen; Den Pfannkuchenteig hinein geben & ca 2-3 Minuten auf mittlerer Hitze anbraten lassen, bis die äußere Schicht schon von oben leicht fest wird. Wenden & auch die andere Seite goldbraun braten. Fertig.; Am besten direkt warm servieren & genießen.","389 kcal: 10g Fett/ 33g KH/ 38g Eiweiß; Optimale kleine WPF Mahlzeit (Nährwerte ohne Topping)","https://www.instagram.com/p/DGqz1q_sCaX/"
"BLITZ GEMÜSE CURRY","in 10 min gemacht; nur 218 kcal für ein halbes Kilo Curry","Dieses Rezept ist mein absoluter Abnehm Gamechanger! Unfassbar lecker und super fix gemacht! Wer das nicht abspeichert und ausprobiert, verpasst was!","2kcal Ölspray more; 400g Zucchini frisch; 150ml Cremfine 7%; Curry Pulver; Salz; (optional für mehr Proteine 30g more Sahne Protein oder Coconut Milk more Protein + 60ml Mandelmilch verrührt)","","Die Zucchini(s) würfeln und mit etwas Ölspray in einer Pfanne anbraten, bis sie weich sind; Mit der Cremfine Kochsahne ablöschend köcheln lassen, würzen und fertig!; Für mehr Proteine das Sahne oder Coconut Protein anrühren und zum Schluss einrühren, wenn die Hitze aus ist. Nicht mehr aufkochen","Nährwerte ohne Protein: 218 kcal/ 20g KH/ 11g Fett/ 10g Protein; Nährwerte mit Protein: 345 kcal/ 22g KH/ 14g Fett/ 33g Protein","https://www.instagram.com/p/DGgWVwFsbqG/"
"PROTEIN DINKEL BROT","ohne Hefe; ohne Wartezeit; ohne Zucker; 12g Protein pro Scheibe","Das ist wirklich das einfachste Protein Brot überhaupt! das sollte wirklich jeder kennen!","250ml Mandelmilch/ andere leichte Milch; 2 EL (Apfel)Essig; 20ml Olivenöl; 120ml sprudelndes Mineralwasser; 350g Dinkelmehl Typ 630; 150g MORE Total Protein geschmacksneutral/ oder „Sahne“; 16g Backpulver (1 Packung); 1 TL Salz; Pinsel, Schale Wasser, Mehl und ein kleines Sieb","","Die Milch lauwarm erwärmen & den Essig hinzugeben, umrühren und stehen lassen; Den Backofen auf 220 Grad Ober / Unterhitze vorheizen & eine Schale Wasser unten rein stellen; Die trockenen Zutaten für den Teig in einer großen Schüssel miteinander vermengen; Zur Milch - Essig Mischung das Öl & das Mineralwasser hinzugeben; nun muss alles schnell gehen! sobald die Flüssigkeit hinzugefügt ist, sollte das Brot in 3-5 Minuten im Ofen sein, damit das Backpulver wirkt & es schön aufgeht!; Die Milch Mischung zu den trockenen Zutaten kippen, schnell mit einem Knethaken alles zu einem klebrigen Teig vermengen. Dann in die Kastenform füllen. Mit Wasser bepinseln, einschneiden, mit Mehl durch das Sieb bestäuben, AB IN DEN OFEN!; Bei 220 Grad O/U ca 35 Minuten backen. Herausnehmen, abkühlen lassen & genießen; Tipp: in Scheiben eingefroren hat man am längsten was davon","144 kcal: 2g Fett/ 18g KH/ 12g Protein","https://www.instagram.com/p/DGd4wcIssDv/"
"MATCHA HIMBEER CHEESECAKE","ohne Backen; ohne Zuckerzusatz; 16g Protein pro Stück; perfekte kleine WPF Mahlzeit","So cremig und einfach gemacht! Perfekt für alle Matcha-Fans! Und niemand wird merken, dass da kein Zucker drin ist! Unbedingt abspeichern und ausprobieren!","Boden: 60g Butterkekse zuckerreduziert; 60g Haferflocken zart; 40g MORE Protein „Sahne“; 3g MORE Chunky Flavor „Vanilla Perfection“ oder ähnliches; 100g Magerquark; Creme: 400g Magerquark; 200g Exquisa Fitline 0,2%; 40g more Protein iced Matcha Latte; 6 Blatt Gelatine; 6g MORE Chunky Flavor nach Wahl (hier Vanilla Perfection + HIGHLIGHT: Barista Zerup Vanilla); 300g Himbeeren frisch","","Für den Boden Kekse und Haferflocken im Mixer zerkleinern. Gemeinsam mit dem Magerquark, Protein und Chunky verkneten. Den Teig in der 18er Form fest andrücken; Für die Creme Magerquark, Frischkäse & Matcha und Chunky vermixen; Die 6 Blatt Gelatine 5 min in kaltem Wasser einweichen. Dann die Blätter ausdrücken & ohne das Wasser in einem Topf kurz erwärmen, bis geschmolzen (NICHT kochen). Nun zunächst nur 2 EL der Quark Creme in die Gelatine rühren (zum Temperaturangleich) & dann fix mit dem restlichen Quark vermixen; Dann optional der Spritzer ZERUP als Highlight, die Himbeeren auf dem Boden drapieren und die Creme darauf geben. Alles min. 2 Stunden in den Kühlschrank stellen, bis es fest ist.","144 kcal: 2g F/ 13g KH/ 16g P","https://www.instagram.com/p/DGXuGs6sSc3/"
"MEALPREP PFIRSICH CHEESECAKE","Ohne Backen; Mit nur knapp 400 kcal; 41g Protein pro Schüssel; Ohne Zuckerzusatz; Perfekt als kleine WPF Mahlzeit","So cremig und einfach gemacht! Da wird Jeder neidisch sein - mit kochen zum Frühstück Abnehmen - unbedingt abspeichern und ausprobieren!","Boden: 80g zuckerreduzierte Butterkekse; 80g Haferflocken zart; 40g More Protein „Sahne“; 6g More Chunky Flavour „Vanilla Perfection“ oder ähnliches; 120g Magerquark; Creme: 600g Magerquark; 200g Exquisa Fitline 0,2%; 6 Blatt Gelatine; 6g More Chunky Flavour nach Wahl (hier das neue „Peach Cheesecake“); 120ml 19% Sahne Cremfine zum Aufschlagen","Topping: 120g Mandarinen","Für den Boden die Kekse und Haferflocken im Mixer zerkleinern. Gemeinsam mit dem Magerquark, More Protein Sahne und Chunky Flavour Vanilla Perfection verkneten. Den Teig aufteilen und in den 4 Schüsseln fest andrücken; Für die Creme Magerquark, Frischkäse & Chunky Flavour Peach Cheesecake verrühren; Die 6 Blatt Gelatine für 5 min in kaltem Wasser einweichen. Dann die Blätter ausdrücken & ohne das Wasser in einem Topf kurz erwärmen, bis diese geschmolzen sind (Wichtig: sollen nicht kochen). Nun zunächst nur 2 EL der Quark Creme in die Gelatine rühren (zum Temperaturangleich) & dann fix mit dem restlichen Quark vermixen; Die Sahne steif schlagen & ebenfalls unter die Masse heben; Die Creme auf alle Schüsseln verteilen, mit den Mandarinen toppen und alles mindestens für 1-2 Stunden in den Kühlschrank stellen, bis es fest geworden ist.","426 kcal / 10g F / 40g KH / 42g Protein","https://www.instagram.com/p/DGSrblxMbDu/"
"Bienes legendäres Mealprep Protein Tiramisu","sogar mit nur 296 kcal pro Portion!; 31g Protein pro Schüssel; in 5-10 Minuten gemacht; direkt für 4 Tage!","","700g Magerquark; 40g „Sahne“ Protein more; 60ml Mandelmilch; 12g Chunky Flavour „Vanilla Perfection“; 100ml 19% Cremfine Sahne; 8 Löffel Biskuits ohne Zuckerkruste; Etwas kalten Kaffee / oder Milch; 15g Backkakao","","Das Sahne Protein mit der Mandelmilch verrühren und anschließend mit dem Magerquark vermengen. Die Quarkmasse mit Chunky süßen und beiseite stellen. Die 19% Cremfine Sahne aufschlagen und unterheben; In 4 kleine Schüsseln nun jeweils 2 Löffel Biskuits legen. Etwas Kaffee oder Milch drüber gießen und anschließend mit der Quark-Sahne-Creme toppen; Glatt streichen und mit Backkakao bestreuen. Fertig!; Hält sich mehrere Tage im Kühlschrank und ist das perfekte Mealprep!","296 kcal: 7,5g Fett/ 24g KH/ 31g Protein","https://www.instagram.com/p/DGOWAy0sQ7d/"
"KARTOFFEL KÄSE TALER","in high Protein; perfekt als Mealprep; optimal als kleine WPF Mahlzeit","Perfekt für alle die Käse und Kartoffeln lieben und etwas herzhaftes zum Frühstück oder fürs Büro suchen!","500g Kartoffeln; 2 Eigelb; 40g More Protein „Sahne“ = das beste neutrale Protein zum Backen und Kochen; 20g Speisestärke; 80g Käse light gerieben; Salz, Petersilie, Gewürze nach Wahl","","Die gekochten Kartoffeln klein stampfen und mit dem Eigelb vermengen; Nun Protein, Speisestärke, Kräuter und Gewürze nach Wahl einrühren und mit einem Löffel oder den Händen Taler formen. (Ist euch das zu aufwändig, könnt ihr die Menge auch direkt in der Pfanne ausbraten, ohne Formen); Die Taler in einer Pfanne mit etwas Ölspray von beiden Seiten goldbraun ausbraten, fertig!","454 kcal/ 13g Fett/ 47g KH/ 34g Protein","https://www.instagram.com/p/DGGkilUMC0q/"
"VIRALE PINK PASTA","in High Protein; einfach gemacht; perfekt als große WPF Mahlzeit","","300g frische rote Beete; 180g Feta light (Salakis); 1 Knolle Knoblauch; 200g Nudeln nach Wahl; 50g More Protein „Sahne“; 1-2 Kellen Nudelwasser; Etwas Zitrone","","Backofen auf 200 Grad Umluft vorheizen. Rote Beete Knollen und Knoblauchzwiebel einzeln mit etwas Wasser beträufeln, in Alufolie einwickeln und in eine Auflaufform geben. 40 Min. bei 200 Grad backen; In der Garzeit Feta, Zitrone und Protein für die Sauce bereitstellen und 10-15 Min. vor Ende der Backzeit die Nudeln kochen; Die gegarte rote Beete schälen und zusammen mit Feta, Sahne Protein, dem Saft einer halben Zitrone, etwas Salz und dem ausgedrückten Knoblauch cremig mixen. Fertig!","699 kcal/ 12g Fett/ 94g KH/ 52g Protein","https://www.instagram.com/p/DGBdbwFM0Uv/"
"ABNEHM- PROTEIN PIDE","in 10 Minuten schon im Ofen; Sattmacher Rezept mit 63g Protein; Protein Basis Teig, mit dem du auch Pizza und Pfannenbrot machen kannst!","","Teig: 70g Dinkelmehl; 30g More Protein Sahne; 8g Backpulver; 2g Salz; 100g Magerquark; Belag: 80g TK Rahmspinat; 40g geriebener Käse light; 25g Salakis Feta light; Gewürze nach Wahl: hier Knobilicious more","Topping: 15g Salakis Feta light, etwas Zwiebel","Backofen auf 180 Grad Umluft vorheizen und alle Zutaten für den Teig verkneten; Die leicht klebrige Teig Kugel von außen leicht bemehlen und auf leicht bemehlter Arbeitsplatte länglich ausrollen. (Optional: Den Rand ringsherum einklappen und mit etwas Wasser, Eigelb oder Öl bestreichen und mit hellem Sesam bestreuen.); Den TK Spinat im Topf oder der Mikrowelle erhitzen, sodass etwas Flüssigkeit verloren geht. Dann mit Käse, Feta und Gewürz verrühren und auf den Teig geben; Bei 180 Grad ca 20 min backen, mit Feta toppen und genießen!","645 kcal/ 16g Fett/ 58g KH/ 63,3g Protein; die perfekte große WPF Mahlzeit","https://www.instagram.com/p/DF5xIBvsYA6/"
"Die besten PROTEIN BAGELS","in 10 min im Ofen; ohne Hefe/ Gehzeit; 26g Protein pro Stück; super sättigend; perfekt als kleine WPF Mahlzeit","","Teig: 180g Dinkelmehl; 70g more Protein „Sahne“; 8g Backpulver; 2-3g Salz; 200g Magerquark; 1 Ei (M)","Toppings: Eigelb, Sesam, Mohn oder light Reibe Käse","Alle Zutaten für den Teig miteinander verkneten und auf 4 gleich große Kugeln aufteilen; Kugeln zu runden Fladen platt drücken und mit einem Kochlöffel ein Loch in die Mitte drücken. Das Loch mit den Händen schon groß formen; Wasser in einem Topf zum Kochen bringen und die Bagels einzeln je kurz 20 Sekunden von jeder Seite darin köcheln; Anschließend auf ein Backpapier legen, mit Eigelb und Toppings toppen und bei 180 Grad Umluft ca 15-18 min backen, fertig!","284 kcal/ 4g Fett/ 34g KH/ 26g Protein (Nährwerte pro Bagel ohne Toppings)","https://www.instagram.com/p/DFz5o5HM47q/"
"15 Minuten KÄSE LASAGNE ROLLEN","In unter 15 Minuten im Ofen; Perfektes Mealprep für direkt 2 Tage; Schmeckt warm und kalt; Optimale große WPF Mahlzeit oder kleine Mahlzeit; 122g Protein gesamt!","Wer Käse und Lasagne liebt und ein schnelles, unfassbar leckeres Essen sucht, sollte dieses Rezept unbedingt ausprobieren!","4 Protein Wraps (von More) 248g; 250g Hack (hier Veggie Rügenwalder Mühle, sonst light Hack); 100g passierte Tomaten; Gewürze nach Wahl (hier „Italian Allrounder“ = zuckerfreies Gewürz von More); 50ml ungesüßte Mandelmilch; 40g More Protein Sahne; 40g Reibekäse light","","Den Backofen auf 180 Grad Umluft vorheizen. Währenddessen das Hack in einer Pfanne anbraten; Das Hack mit ca. 80g passierten Tomaten ablöschen und würzen, anschließend vom Herd nehmen; Die Milch mit dem Sahne Protein und Salz zu einer Creme anrühren. Nun die Wraps einzeln mit den passierten Tomaten, der Hack Mischung, der Sahne Creme und dem Käse befüllen; Jeden Wrap einrollen und nochmals mit passierten Tomaten und etwas Käse toppen und bei 180 Grad Umluft für ca. 20 min überbacken, fertig!; Viel Spaß mit dem Rezept!","Nährwerte pro Stück: 375 kcal: 14g Fett/ 29g KH/ 31g Protein; perfekte kleine WPF Mahlzeit; Nährwerte Hälfte: 750 kcal/ 27g Fett/ 58g KH/ 61g Protein; große WPF Mahlzeit","https://www.instagram.com/p/DFumXWYM514/"
"VIRALER KARTOFFEL KUCHEN","in 15 Minuten im Ofen; perfektes Mealprep für direkt 2 oder 4 Tage; 125g Protein gesamt!","Wer meine legendäre Käse Lauch Suppe liebt und Kartoffeln + Käse gerne mag, wird dieses Rezept absolut vergöttern!","400g Kartoffeln; 250g Hack (hier Veggie Rügenwalder Mühle, sonst light normales Hack); 200g Porree; Gewürze nach Wahl (hier „Knobilicious“ = zuckerfreies Gewürz von more); 60ml Mandelmilch; 50g more Protein Sahne; 2 Eier M; 90g Milkana Schmelzkäse leicht; 50g Reibe Käse light","","Kartoffeln weich kochen und in einer 18cm Springform andrücken. Wer mag: 10 min bei 180 Grad Umluft so im Ofen vorbauen; Währenddessen Hack in einer Pfanne anbraten und Porree in Ringen geschnitten dazu geben. Ca 5 min dünsten und am Ende würzen; Porree Hack Mischung auf die Kartoffel Masse geben. Milch mit Sahne Protein anrühren und mit den Eiern vermengen und drüber gießen; Mit Schmelzkäse und Reibe Käse toppen und ca 20-30 min bei 180 Grad Umluft backen& genießen!; Viel Spaß mit dem Rezept!","Nährwerte pro Stück: 372 kcal: 14g Fett/ 19g KH/ 32g Protein; perfekte kleine WPF Mahlzeit; Nährwerte Hälfte: 743 kcal/ 28g Fett/ 38g KH/ 63g Protein; große WPF Mahlzeit","https://www.instagram.com/p/DFqXwMsMhz-/"
"Mealprep Käse Sahne Torte","nur 328 kcal; 31g Protein; in 5-10 Minuten gemacht; anti Heißhunger Snack direkt für 4 Tage","So lecker und einfach kann Abnehmen sein!","700g Magerquark; 40g „Sahne“ Protein more; 60ml Mandelmilch; 12g Chunky Flavour „Vanilla Perfection“; 160ml 19% Cremfine Sahne; 195g Natreen Mandarinen Orangen; 8 Löffel Biskuits ohne Zuckerkruste; Etwas Milch oder Wasser + Mandarin Zerup","","Das Sahne Protein mit der Mandelmilch verrühren und anschließend mit dem Magerquark vermengen. Die Quarkmasse mit Chunky süßen; Die 19% Cremfine Sahne ggf mit etwas Sahne Steif aufschlagen und unterheben. Zum Schluss die Mandarinen abtropfen und fast alle einrühren. (8 für die Deko aufheben); In 4 kleine Schüsseln nun jeweils 2 Löffel Biskuits legen. Etwas Zerup Wasser oder Milch drüber gießen und anschließend mit der Quark- Sahne - Creme toppen. Glatt streichen, dekoriere, fertig!; Hält sich mehrere Tage im Kühlschrank und ist das perfekte Mealprep!","328 kcal: 9,7g Fett/ 27g KH/ 31g Protein","https://www.instagram.com/p/DFn3hA5Mh0b/"
"4 Zutaten Cookie Dough ICE Bars white chocolate Edition","in 5 Minuten gemacht; perfekter, kalter Antiheißhunger Snack; immer parat in der Gefriertruhe; bleibt soft / wird kein Eisklotz; high Protein","Perfekt wenn der nächste kleine Süßhunger kommt!","50g more light peanut Creme; 40g more Protein „Sahne“; optional, 3-6g Chunky Flavour „Vanilla Perfection“; 100g Magerquark","50g light Schoko Drops more (ohne Zuckerzusatz)","Peanut Pulver, Sahne Protein und Chunky mit dem Magerquark verrühren. Optional noch zuckerfreie Schoko Drops unterheben; Die Masse auf einem Backpapier platt drücken und mit der geschmolzenen Schokolade toppen (im Wasserbad schmelzen); Für 1-3 Stunden oder auch tagelang ins Gefrierfach stellen und immer dann ein Stück abschneiden, wenn dir danach ist!; Viel Spaß !!","61 kcal / 3g Fett/ 2g KH/ 6g Protein","https://www.instagram.com/p/DFlFNtVM2s-/"
"PROTEIN CHEESECAKE BROWNIES","ohne Zuckerzusatz; in 10 Min. im Ofen; perfektes, süßes Mealprep für 3 Tage (Kleine WPF Mahlzeit = 3 Stück); genialer Anti-Heißhunger-Snack; High Protein","Wenn du Cheesecake und Brownies liebst, ist das die perfekte Kombination für dich!","Cheesecake Masse: 200g Exquisa Fitline 0,2%; 1 Ei; 10g Puddingpulver Vanille oder Speise Stärke; 3g Chunky Flavour „Vanilla Perfection“; Brownie Masse: 160ml Mandelmilch ungesüsst; 30g Backkakao; 50g Dinkelmehl; 50g No More Sugar (Erythrit Stevia Mix); 60g More Protein „Sahne“; 3 Eier; 60g Magerquark; 3g Schokoladiges Chunky Flavour; 50g More Schoko Drops Vollmilch","","Alle Zutaten für die Cheesecake Masse vermixen und den Backofen auf 175 Grad Umluft vorheizen; Separat Milch, Kakao, Mehl, No More Sugar und Sahne Protein verrühren und dann Eier, Magerquark und Chunky Flavour einrühren. Zum Schluss die Schoko Drops hinzugeben; Die Hälfte der Schoko Masse in eine kleine Form geben, mit 2/3 der Cheesecake Masse toppen, dann wieder mit Schoko Masse bedecken und mit Cheesecake Klecksen abschließen & leicht verswirlen; Bei 175 Grad Umluft ca. 30 min backen, abkühlen lassen und genießen!","Nährwerte pro Stück: 152 kcal/ 6g Fett/ 10g KH/ 12g Protein; Nährwerte 3 Stück: 457 kcal/ 30g KH/ 19g Fett/ 37g Protein; optimale kleine WPF Mahlzeit","https://www.instagram.com/p/DFfM6PTMCdQ/"
"SCHINKEN SAHNE AUFLAUF unter 500 Kcal?","in 5 Minuten im Ofen; nur 497 kcal gesamt; 54g Protein; super sättigend; unfassbar lecker","","250g Kartoffeln gekocht (roh gewogen); 250g Zucchini; 100g exquisa fitline; 30g Veggie Schinkenwürfel (Billie Green) oder normale light Schinken Würfel; halbe rote Zwiebel; 60ml Mandelmilch; 30g more Protein „Sahne“; Knobilicious Gewürz more","","Die Kartoffeln vorkochen und wenn du magst: schälen. Den Backofen auf 180 Grad Umluft vorheizen; Die Kartoffeln würfeln und zusammen mit der gewürfelten Zucchini, den Schinkenwürfeln und der Zwiebel in eine Auflaufform geben; In der Mitte den Frischkäse platzieren und alles für 15 min in den Backofen geben; In der Zeit das Sahne Protein mit der Milch zu einer cremigen Sahne verrühren; Den Auflauf nach 15 min aus dem Ofen nehmen, mit der Sahnesauce übergießen, würzen, umrühren und fertig!","497 kcal: 57g KH/ 4g Fett/ 54g Protein","https://www.instagram.com/p/DFcs56uMLKJ/"
"MEALPREP OVERNIGHT OATS mit zuckerfreier SCHOKO GANACHE","fertig in 5 Minuten; nur 451 kcal mit dicker Schoko Schicht; 49g Protein; ohne Zucker Zusatz; optimale kleine WPF Mahlzeit","Das ist das neue Lieblings Frühstück für alle Schoki Liebhaber und Mealprep to Go! gesund, ballaststoffreich und perfekt für jede Diät!","Oats: 30g Haferflocken zart; 35g more Protein „Sahne“; 3g Flohsamenschalen; 3g Chunky Flavour „Vanilla Perfection“; 100g Magerquark; 100ml Mandelmilch","Ganache: 10g Schoko Drops ohne Zucker Zusatz more (kommen Sonntag wieder in den Shop!); 5g Backkakao; Prise Schokoladiges Chunky Flavour; 40g Magerquark","Alle Zutaten für die Oats verrühren; Die Schoko Drops im Wasserbad schmelzen; Nun schnell in die warmen, geschmolzenen Drops den Kakao, das Chunky und den Quark kräftig einrühren, sodass eine unfassbar cremige Schoki Creme entsteht; Creme auf oats verteilen, für 1-2 Stunden oder gerne über Nacht in den Kühlschrank und fertig!; Glaubt mir, ihr werdet es lieben!","451 kcal/ 36g KH/ 11g Fett/ 49g Protein","https://www.instagram.com/p/DFYQaNyMDje/"
"PIZZA KÄSE TALER","in 10 min im Ofen; Mealprep für 2 Tage; 42g Protein pro Portion; bei nur 356 kcal; perfekte kleine WPF Mahlzeit","","200g light körniger Frischkäse; 2 Eier M; 20g more Protein „Sahne“; 100g Paprika; Eine halbe Zwiebel; 100g light Gouda gerieben; Gewürze nach Wahl (hier Knobilicious und Italian Allrounder von more)","","Backofen auf 175 Grad Umluft vorheizen und Paprika und Zwiebel klein würfeln; Alle Zutaten in einer Schüssel verrühren und gut würzen; Auf einem Backpapier mit etwas Abstand kleine Kleckse aus der Masse formen und ca 20 min backen. Fertig!","356 kcal/ 16g Fett/ 11g KH/ 42g Protein","https://www.instagram.com/p/DFVtzCtsnSE/"
"10 min Kartoffel Hollandaise Auflauf","in 10 min im Ofen; super große Sattmacher Portion; 50g Protein pro Portion; die perfekte große WPF Mahlzeit","","300g Kartoffeln; 200g Brokkoli; 60g Feta light Salakis; 200ml Thomy light Hollandaise Sauce; 25g more Protein „Sahne“; Gewürze nach Wahl (hier Knobilicious von more); 30g light reibe Käse","","Kartoffeln sind gekocht (gerne auch vom Vortag) und Brokkoli ist auch leicht vorgekocht (ca 8 min); Backofen auf 175 Grad Umluft vorheizen und die Kartoffeln gewürfelt + den Brokkoli + die Feta Würfel in eine Auflaufform geben; Die Hollandaise Sauce mit dem Sahne Protein verrühren und würzen und über das Gemüse gießen; Nun nur noch mit Käse tappen und bei 175 Grad Umluft für ca 15-20 min backen und genießen!","745 kcal/ 71g KH/ 28g Fett/ 51g Protein","https://www.instagram.com/p/DFOCxhnsaTJ/"
"VIRALE TURKISH PASTA","perfekt fürs WPF als große Mahlzeit; 50g Protein pro Portion; direkt Mealprep für 2 Tage","","Haupt: 200g Nudeln (ungekocht wiegen); 300g (veggie) Hack Rügenwalder Mühle oder normales Light Hack; 1 Zwiebel; 40g Tomatenmark; Gewürze nach Wahl (hier: More Spices Knobi-Licious und Italian Allrounder = Gewürze ohne Zuckerzusatz); 2-3 Kellen Nudel-Wasser; Sahne Sauce: 90g More Protein Sahne; 120ml ungesüsste Mandelmilch; Gewürze nach Wahl (hier More Spices Knobi-Licious + eventuell noch eine gepresste Knoblauch Zehe)","","Die Zwiebel klein hacken, die Pfanne mit etwas Ölspray vorheizen und die Nudeln in das kochende Wasser geben; Das Hack in der Pfanne anbraten, dann die Zwiebeln und das Tomatenmark hinzugeben; Mit 2-3 Kellen Nudel-Wasser ablöschen und würzen, anschließend auf kleiner Hitze weiter köcheln lassen; Für die Sahne Sauce das More Protein Sahne mit der Milch verrühren und würzen; Nudeln in eine Schale geben, mit der Sahne Sauce und dem Hack toppen und genießen","751 kcal / 87g KH / 19g Fett / 51g Protein","https://www.instagram.com/p/DFKpovTswrC/"
"PROTEIN KÖRNERSTANGEN","in 10 min im Ofen; 30g Protein pro Stück; perfekt zum Abnehmen, da super sättigend = leichter in Kaloriendefizit!; optimale kleine WPF Mahlzeit","","180g zarte Haferflocken; 80g more Protein „Sahne“ = das beste Protein zum Backen und Kuchen überhaupt, ohne Süße; 10g Backpulver; TL Salz; 250g Magerquark; 60ml Wasser; 40g Körner mix","","die Haferflocken in einem Mixer klein mixen zu Haferflocken Mehl; Alle trockenen Zutaten vermengen und Backofen vorheizen auf 180Grad Umluft; Mit dem Magerquark und Wasser zu einem Teig kneten und auf 4 Teile aufteilen + zu Stangen rollen; Die Stangen mit etwas Wasser bestreichen und in den Körnern rollen. Bei 180Grad Umluft ca 20 min backen - fertig!","354 kcal/ 6g Fett/ 31g KH/ 32g Protein","https://www.instagram.com/p/DFGSTCGMS3w/"
"10min Protein Pfannenbrot","in 10 min gemacht; passt zu Suppen, Eintopf, zu Salaten, als Frühstück (OMG mit Spiegelei drauf!); super proteinreich; hier mit Käse gefüllt","","Pfannenbrot: 50g Dinkelmehl; 25g more Protein „Sahne“; 4g Backpulver; Prise Salz; 50g Magerquark; Ca 20ml Wasser; Käse Füllung: 40g light Reibe Käse; More „white Cheddar“ Gewürz; Gemüse Pfanne: 1 kleine Zwiebel; 200g rote Paprika; 400g gehackte Tomaten; Gewürze nach Wahl, hier: Knobilicious und white Cheddar more","","Brot: alle Zutaten verkneten und auf bemehlter Arbeitsfläche zu einem Fladen ausrollen; Optional mit Käse füllen; In einer Pfanne mit oder ohne Öl 2 min von jeder Seite bei mittlerer Hitze ausbraten. Fertig!; Gemüse Pfanne: Zwiebel und Paprika andünsten; Mit gehackten Tomaten ablöschen und gut würzen. Fertig!","Nährwerte Brot ohne Käse: 308 kcal/ 38g KH/ 2,5g Fett/ 31g Protein; Nährwerte Brot mit Käse: 415 kcal/ 38g KH/ 42g Protein; Nährwerte Komplette Mahlzeit: 587 kcal/ 65g KH/ 10g Fett/ 50g Protein; perfekte große WPF Mahlzeit","https://www.instagram.com/p/DE-sGhrMXdU/"
"10 Min Protein Knödel Auflauf","in 10 min im Ofen; Mealprep für direkt 2 Tage; perfekte große WPF Abnehm-Mahlzeit; 50g Protein pro Portion!","","400g Knödel Teig; 70g More Protein „Sahne“; halber TL Salz; 60g Feta Light Salakis; 400g Kaiser Gemüse TK; 300ml Hollandaise light Sauce; Gewürze nach Wahl für die Sauce, bei mir Knobilicious und White Cheddar von More; 80g Reibekäse Gouda Light","","Das TK Gemüse abtauen lassen oder kurz in die Mikrowelle/Topf geben; Knödelteig mit Sahne Protein und Salz vermengen. Teig zu 6 Knödeln aufteilen und mit Feta Stücken füllen; Das TK Gemüse in eine Auflaufform geben, Gewürze drüber geben und den Ofen auf 180 Grad Umluft vorheizen; Die Knödel auf dem Gemüse drapieren, mit Hollandaise Sauce übergießen und ca. 25 Min. bei 180 Grad backen; Mit Käse bestreuen und nochmal ca. 10 Min. überbacken - fertig!","691 kcal / 63g KH / 24g Fett / 50g Protein","https://www.instagram.com/p/DE4jI_JsB_B/"
"Diesen Eiersalat musst du ausprobieren!","nur knapp 300 kcal; in 5 min gemacht; 42g Protein; + eine Scheibe Brot = die perfekte, kleine WPF Mahlzeit!","So lecker und einfach kann ein Abnehm Frühstück sein!","2 hartgekochte Eier; 200g leichter körniger Frischkäse; 5-10g Senf; Salz und Pfeffer oder zuckerfreie Gewürze wie „Knobilicious“ von more; Schnittlauch; Scheibe Brot dazu","","die hart gekochten Eier zerdrücken; körnigen Frischkäse, Senf, Gewürze und Schnittlauch dazu geben und unterrühren; mit einem getoasteten Brot servieren. Fertig!","Nährwerte Salat: 321 kcal/ 3g KH/ 15g Fett/ 42g Protein; Nährwerte mit Brot: 449 kcal/ 23g KH/ 18g Fett/ 46g Protein","https://www.instagram.com/p/DE0Q9XpMqgQ/"
"Legendäres Mealprep Protein Tiramisu - Haselnuss Version","nur 301 kcal; 32g Protein; in 10 Minuten gemacht; optimale kleine WPF Mahlzeit; anti Heißhunger Snack direkt für 4 Tage","so unfassbar lecker! das perfekte Mealprep für die Arbeit, auf das jeder neidisch sein wird, glaub mir!","700g Magerquark; 40g „Sahne“ Protein more; 60ml Mandelmilch; 12g Chunky Flavour „Hazelnut Milky Cream“ oder jedes andere Chunky; 100ml 19% Cremfine Sahne; 8 Löffel Biskuits ohne Zuckerkruste (gibts zb bei Lidl); Etwas kalten Kaffee / oder Milch; 10g Backkakao; Optional gehackte Haselnüsse","","Das Sahne Protein mit der Mandelmilch verrühren und anschließend mit dem Magerquark vermengen. Die Quarkmasse mit Chunky süßen und beiseite stellen. Die 19% Cremfine Sahne aufschlagen (ggf. mit etwas Sahne steif) und unterheben; In 4 kleine Schüsseln nun jeweils 2 Löffel Biskuits legen. Etwas Kaffee oder Milch drüber gießen und anschließend mit der Quark- Sahne - Creme toppen. Glatt streichen und mit Backkakao bestreuen. Fertig!; Hält sich mehrere Tage im Kühlschrank und ist das perfekte Mealprep!","301 kcal: 7,8g Fett/ 24g KH/ 32g Protein","https://www.instagram.com/p/DExkGgDMQ3_/"
"10 MINUTEN BROWNIE COOKIES","ohne Zucker; super einfach gemacht; der perfekte Anti-Heißhunger-Snack!; Perfekt geeignet für Diabetiker oder als Mini WPF Snack","Zu lecker, um wahr zu sein und perfekt, wenn der kleine Schoki-Hunger aufkommt!","50g Dinkelmehl; 30g MORE Protein „Sahne“; 20g Backkakao; 60g Erythrit / No more Sugar; 4g Backpulver; 6g MORE Chunky Flavour „Dark Cookie Crumble“; 1 Ei (M); 80g Butter; 20g zuckerfreie Schokodrops MORE","","Backofen auf 180 Grad Umluft vorheizen. Alle trockenen Zutaten vermengen und anschließend die Butter leicht anschmelzen und mit dem Ei zum Rest hinzugeben; Alles verrühren, Schokodrops hinzugeben und den Teig auf 14 Kugeln aufteilen. Auf einer Backmatte mit den Fingern zu Cookies platt drücken; Bei 180 Grad Umluft ca. 8-9 Minuten backen; Die Cookies sind noch weich und werden dann beim Abkühlen außen perfekt knusprig und innen richtig soft. So kannst du sie tagelang genießen","80 kcal: 6g Fett/ 3,6g KH/ 3g Eiweiß","https://www.instagram.com/p/DEmltRisHdS/"
"PROTEIN PIZZA","super einfach selbst gemacht; 36g Protein allein der Teig!; ohne Hefe = ohne Wartezeit; mehr Protein als Kohlenhydrate!; nur 366 kcal der Teig","","Teig: 60g Dinkelmehl; 30g MORE Protein „Sahne“ ➡️ das beste Protein zum Backen überhaupt!; 4g Backpulver; Prise Salz; 50g Magerquark; Schuss Wasser (ca 25ml); Belag: Passierte Tomaten + Knobilicious und Zeus Gewürz; 60g Light Reibekäse Edeka","Nach dem Backen: 100g Tomaten; 1/2 Knoblauch Zehe; etwas frischer Basilikum; Gewürze nach Wahl; Rucola","Backofen nicht vorheizen. Alle trockenen Zutaten für den Teig vermengen. Mit Magerquark und Wasser zu einem leicht klebrigen Teig verkneten; Die Teigkugel bemehlen und auf leicht bemehlter Arbeitsfläche ausrollen. Ab und zu Wenden; Für den besten Rand: diesen einmal ringsrum nach innen einklappen; Die Pizza nach Wahl belegen (hier nur mit passierten Tomaten und Gewürz + Käse) und ca 15 Minuten bei 180 Grad Umluft backen. Danach für die Bruschetta Version die Tomaten mit gehacktem Knoblauch und Basilikum + Gewürzen vermengen und mit Rucola drauf geben; Schmeckt am besten frisch!","Nährwerte Teig ohne Belag: 366 kcal: 46g KH/ 3g Fett/ 36g Protein; Nährwerte mit Belag: 566 kcal: 52g KH/ 13g Fett/ 54g Protein; perfekte große WPF Mahlzeit","https://www.instagram.com/p/DEktpHusCmQ/"
"5 min high Protein Sandwich","mit 30g Protein; nur ca 450 kcal; die perfekte kleine WPF Mahlzeit","","2 Scheiben Graubrot; 45g Exquisa Fitline; 1 Ei; 1 light Käse Scheibe; Eisbergsalat; Rucola; Knobilicious Gewürz more (Gewürz ohne Zuckerzusatz)","","Das Ei als Rührei anbraten; Die Brotscheiben toasten und mit Frischkäse bestreichen + würzen; mit Salat, Käse und Rührei belegen und genießen!","457 kcal/ 43g KH/ 21g Fett/ 30g Protein","https://www.instagram.com/p/DEfnUodsks5/"
"10 min Abnehm Knödel Auflauf","in 10 min im Ofen; Mealprep für direkt 2 Tage; perfekte große WPF Abnehm Mahlzeit; 64g Protein","","Knödel Teig; 60g more Protein „Sahne“; Salz oder andere Gewürze; 6 Kugeln mini Mozzarella Light; 200ml Cremfine 7% Kochsahne; Gewürze nach Wahl für die Sauce, bei mir Knobilicious von more; 100g reibe Gouda Light; 60g Schinken Würfel Light (oder Veggie: von Billie Green); Frühlingszwiebeln als Topping nach dem Backen","","Knödel Teig mit Sahne Protein und Gewürzen oder Salz vermengen; Teig zu 6 Knödeln aufteilen und mit Mini Mozzarella füllen. In eine Auflaufform legen und den Ofen auf 180 Grad Umluft vorheizen; Cremfine mit Gewürzen verrühren und über die Knödel gießen; Mit Käse und Schinken würfeln toppen und ca 30 min backen - fertig! zum Schluss mit Frühlingszwiebeln dekorieren!","713 kcal/ 56g KH / 23g Fett/ 64g Protein","https://www.instagram.com/p/DEdQMtPNWjE/"
"OFEN KRAPFEN","in nur 15 Min. im Ofen; ohne Zuckerzusatz; ohne Hefe/ Wartezeit","","Teig: 250g Dinkelmehl; 100g More Protein „Sahne“; 10g Backpulver; 9g Chunky Flavour Vanilla Perfection; 60g No More Sugar (Erythrit Stevia Mix); 60g weiche Butter; 1 Ei; 160ml ungesüßte Mandelmilch","Topping und Füllung: Zuckerfreie Moremelade von More; Etwas 2KCALS Ölspray; No More Sugar fein gemixt zu Puder Erythrit","Backofen auf 160 Grad Umluft oder 180 Grad O/U vorheizen; Alle Zutaten zu einem Teig verrühren; Mit leicht öligen Händen 8 Kugeln formen und mit etwas Abstand auf ein Backpapier legen; Ca. 15-20 Min. backen (Stäbchen-Probe machen); Abkühlen lassen und mit Mormelade füllen, dann mit etwas Ölspray besprühen und mit dem Puder Erythrit bestreuen, fertig!","233 kcal: 23g KH/ 8g Fett/ 14,4g Protein","https://www.instagram.com/p/DENlbDhMsnK/"
"SPEKULATIUS APFELKUCHEN","zuckerreduziert","","Biskuit: 5 Eier; 1 Prise Salz; 125g Erythrit (no more Sugar); 100g Mehl; 40g more Protein „Sahne“; 30g Speisestärke; 1/2 TL Spekulatius-Gewürz; 5g Backpulver; Apfelfüllung: 1,2 kg Äpfel (z.B. Elstar); 60g No more Sugar oder Erythrit; 1 Pck. Vanillepuddingpulver; 250 ml Wasser; Chunky Flavour „Vanilla Perfection“; Creme: 200 g Cremefine 19% Sahne; 1 Packung Sahne Steif; 200 g Exquisa fitline 0,2%; 250 g Magerquark; 12g Vanilla Chunky Flavour; etwas Spekulatius Gewürz","","Biskuit: Backofen auf 180 Grad O/U oder 160 Grad Umluft vorheizen; Eier Salz und Zucker 7-10 min auf höchster Stufe mit einem Mixer in einer schmalen Schüssel aufschlagen, bis sehr cremig und fast steif; Die restlichen trockenen Zutaten vermengen, untersieben und unterheben; Teig in der Form ca 12 min backen, herausnehmen und abkühlen lassen. Ohne Form auf Backpapier, stürzen und dieses vorsichtig abziehen; Apfelfüllung: Äpfel in Stücke schneiden und mit Schuss Wasser und Erythrit in einer Pfanne 5 min weich dünsten; Das Puddingpulver mit einem Schuss kaltem Wasser separat anrühren; Die 250ml Wasser in einen Topf zum kochen bringen, das angerührte Puddingpulver dazu geben, einrühren bis angedickt, dann Äpfel und Chunky unterrühren & leicht abkühlen lassen und auf den Boden geben; Creme: Magerquark mit Frischkäse und Chunky vermixen; Sahne mit Sahne steif steif schlagen und unterheben; Creme auf die abgekühlte Apfelschicht geben, glatt streichen & mit den Keksen toppen. Min. 2 Stunden kalt stellen, gerne über Nacht","141 kcal/ 5g Fett/ 18g KH/ 6g Protein","https://www.instagram.com/p/DDrbuYKCWX-/"
"NUDELN MIT DER SCHERE","mit nur 1 min Kochzeit!; und 47g Protein!; super sättigend!; unfassbar lecker!","Einfach schneller fertig, als gekaufte! Speicher dir das Rezept schnell ab und probier es unbedingt aus!","Nudeln: 75g Mehl; 50g more Protein „Sahne“; gute Prise Salz; 50ml Wasser; Champignonsauce: 1 Zwiebel; 250g Champignons; 100ml Cremfine 7%; Als Highlight: etwas Light Gourmet sauce „Creamy Mushroom“ von more; Gewürze nach Wahl","","Nudeln: Dinkelmehl, Sahne Protein und Salz vermengen und mit dem Wasser zusammen zu einem Teig verkneten; Den Teig leicht bemehlen und mit einer Schere in kochendes Wasser schneiden. Schwimmen die Nudeln oben, sind sie fertig und können abgeschöpft werden; Champignonsauce: Für die Champignons Sauce, Zwiebeln andünsten, Pilze in Scheiben geschnitten dazu, kurz anbraten, dann mit Cremfine ablöschen & mit der Sauce und Gewürzen verfeinern. TIPP: für mehr Cremigkeit ein paar Gramm Speisestärke mit etwas Milch/ Wasser anrühren und dazu geben","Nährwerte Nudeln: 462 kcal/ 59g KH/ 4g Fett/ 47g Protein; Nährwerte Champignonsauce: 164 kcal/ 13g KH/ 9g Fett/ 12g Protein","https://www.instagram.com/p/DDhxmzqsZid/"
"BRATAPFEL CREME","einfach gemacht; ohne Zuckerzusatz; nur knapp 200 kcal & 17g Protein; unfassbar cremig und lecker","","4 Äpfel (z.B. Elstar); 300g Magerquark; 100ml Cremfine 19% zum Aufschlagen; 9g Chunky Flavour Vanilla Perfection; 40g More Sahne Protein; 60ml ungesüßte Mandelmilch; Gewürze: More Spekulatius Topping oder Spekulatius Gewürz","","Die Äpfel entkernen und mit etwas Wasser in eine Auflaufform geben. Bei 180 Grad ca. 25 Min. backen; In der Zeit den Magerquark mit dem Chunky und Spekulatius Gewürz verrühren, Sahne Protein mit Mandelmilch anrühren und unterrühren und die Sahne separat am besten noch mit etwas „Sahne steif“ aufschlagen; Die Bratäpfel abkühlen lassen und das weiche Fruchtfleisch klein drücken oder sogar pürieren, wer es ganz ohne Stücke mag; Die Apfel Masse unter den Quark heben und zum Schluss die Sahne unterheben. Alles auf 4 Schüsseln aufteilen und mindestens 2-4 Stunden in den Kühlschrank, gerne auch über Nacht. Kurz vor dem Servieren toppen","212 kcal/ 6g Fett/ 19g KH/ 17g Protein","https://www.instagram.com/p/DDfOxeGovPT/"
"PLÄTZCHEN TEIG OHNE KLEBEN","Super einfach selbst gemacht und schmeckt wie von Omi! Das perfekte Ausstechplätzchen Grundrezept!","","250g Mehl (oder 200g Mehl und 50g Sahne Protein für proteinreiche Plätzchen); 75g no more Sugar im Mixer pulverisiert (ist ein erythit Stevia Mix); 6g more Chunky Flavour „Vanilla Perfection“; 4g Backpulver; 1 großes Ei; 125g Butter (wichtig! Ganz warm, quasi fast kurz vorm schmelzen. Entweder den ganzen Tag draußen gelegen oder kurzum die Mikrowelle)","","Alle trockenen Zutaten vermengen und den Backofen auf 160Grad Umluft vorheizen; das Ei und die Butter hinzugeben und alles zu einem geschmeidigen Teig verkneten; Teig entweder direkt weiter verarbeiten oder in Klarsichtfoliw gewickelt 10-30 min in den Kühlschrank geben; auf leicht bemehlter Arbeitsfläche ausrollen, Kekse ausstechen und auf einem Backpapier ca 8 min bei 160 grad backen. Fertig!; Die Kekse sind dann noch recht weich, werden aber mit dem abkühlen fest und bekommen die perfekte Konsistenz; Viel Spaß damit!","48 kcal/ 3g Fett/ 3g KH/ 2g Protein","https://www.instagram.com/p/DDaFpfui9jI/"
"HANDBROT WIE VOM WEIHNACHTSMARKT","Super einfach selbst gemacht! Für nur 383 kcal INKLUSIVE Füllung und Kräuter Schmand Creme Topping","Ganze 34g Protein das Stück! unbedingt schnell abspeichern & ausprobieren!","Teig: 70g Dinkelmehl; 30g more Protein „Sahne“; 4g Backpulver; Prise Salz; 120g Magerquark; Belag: 80g Gouda light Reibekäse; 30g Veggie Schinken oder echter Light Katenschinken; MORE Knobilicious Gewürz oder Kräutersalz / gut passt auch der Italian Allrounder","Topping: 60g Creme legere; Knobilicious Gewürz oder Kräutersalz von More; 20g Frühlingszwiebeln","Backofen auf 180 Grad Umluft vorheizen. Trockene Zutaten für den Teig vermengen. Magerquark hinzugeben und zu einem leicht klebrigen Teig kneten. Teig in zwei Hälften teilen und auf bemehlter Arbeitsfläche ausrollen; Den Belag vermengen, mittig platzieren & die Brote wie im Video zusammenfalten; Mit der Faltkante nach unten auf einer Dauerbackfolie platzieren, mit Ölspray bestreichen & einritzen. Bei 180 Grad Umluft ca 15 min backen; Die warmen Brote mit der Creme legere bestreichen & mit Frühlingszwiebeln toppen. Noch warm genießen","383 kcal / 31g KH/ 13g Fett/ 34g Protein","https://www.instagram.com/p/DDSh3LtMPD_/"
"NUSSECKEN","unglaublich soft und saftig!; ohne Zucker!; super einfach selbst gemacht; zu lecker, um wahr zu sein!","Die werden alle lieben und niemand wird merken, dass da kein Zucker drin ist - versprochen!","Boden: 120g Dinkel- oder Weizenmehl; 50g No More Sugar (Erythrit/Stevia Mix); 30g More Protein „Sahne“; 6g Chunky Flavour „Vanilla Perfection“; 3g Backpulver; 1 Ei; 70g Butter; Belag: 100g More Light Mormelade „Winter Pflaume“; Nuss Schicht: 100g Butter; 70g No More Sugar; 3g Chunky Flavour „White Chocolate Cinnamon Bun“; 170g Haselnüsse gemahlen; 50g Haselnüsse gehackt","Topping: 50g zuckerfreie Schokolade","Backofen auf Stufe 180 Grad O/U vorheizen; Für den Boden die trockenen Zutaten vermengen. Mit der weichen Butter und dem Ei zu einem Teig verkneten. Teig in eine Kastenform (ca. halbes Blech/bei mir @cooxwunderform MQ| Code „BIENE“ für dauerhaft Rabatt) drücken und dann mit der Mormelade bestreichen; Für die Nuss-Schicht Butter, Erythrit & Chunky in einen Topf geben und schmelzen. Dann die Nüsse unterrühren & kurz unter Rühren köcheln. Die warme Masse auf der Mormelade glatt streichen; Bei 180 Grad O/U ca 20-25 Minuten backen; Kurz abkühlen lassen & fix noch warm in 24 Ecken schneiden; Komplett abkühlen lassen & dann optional mit Schokolade verzieren. Fertig!","154kcal: 13g Fett/ 6g KH/ 3g Eiweiß","https://www.instagram.com/p/DDMcF4nIpOi/"
"5 Minuten light AIOLI","3 x wenige kcal als das Original; 15ml Öl statt 250ml!; keine Salmonellen Gefahr!; Und soooo lecker!","Wer das nicht ausprobiert, verpasst was! Ernsthaft, ich werd mir nie wieder Aioli kaufen!","3 hartgekochte Eier; 15ml Olivenöl; 50ml Wasser; 5-10g Senf; Prise Salz; Etwas Zitronensaft; 2 Zehen Knoblauch; (Optional: Apfelessig und weitere Gewürze nach Wahl); Geheimtipp für noch mehr Proteine: 20g Sahne Protein von MORE dazu geben = Protein Aioli!! das wird so cremig!! Wow!!! Und man schmeckt das Sahne Protein nicht raus - das ist das beste neutrale Protein überhaupt!","","So simple! einfach alle Zutaten in einen Mixer geben. Die Eier zuerst! Dann alles zusammen cremig mixen und fertig; Viel Spaß beim Aioli genießen als Dip, im Salat oder zum Grillen!","426 kcal/ 35g Fett/ 0,2g KH/ 19g Protein; = 100g: 170kcal/ 14g Fett/ 0,08g KH/ 7,6g Protein (Nährwerte für 250g ohne Proteinpulver)","https://www.instagram.com/p/DDIKQvLoxw3/"
"Schnelle ZIMTSCHNECKEN PLÄTZCHEN","einfach gemacht; super lecker; ohne Zucker; nur 33 kcal pro Stück","Wenn du Zimtschnecken liebst und ein schnelles unkompliziertes Plätzchen Rezept suchst","Plätzchen: 200g Mehl; 50g more Protein „Sahne“ oder mehr Mehl; 6-9g more Chunky Flavour „White choc cinnamon bun“; 4g Backpulver; 75g no more Sugar, im Mixer pulverisiert (Erythrit Stevia Mix); 1 Ei; 130g Butter; Füllung: etwas Wasser; 40g no more Sugar; viel Zimt","","Alle trockenen Zutaten für die Plätzchen vermengen, dann das Ei und die Butter unterkneten; Die Teigkugel in zwei Hälften schneiden und jeweils zwischen zwei Frischhaltefolien möglichst rechteckig ausrollen. Mit etwas Wasser bepinseln und mit no more Sugar und Zimt bestreuen; nun mithilfe der unteren Frischhaltefolie zu einem engen Strang aufrollen und für ca 30-60min kühl legen; Backofen auf 160 grad Umluft oder 180 Grad O/U vorheizen. Die Plätzchen Stränge vorsichtig in Plätzchen schneiden und auf einem Backpapier platzieren; 10-15 min backen - abkühlen lassen und fertig!","33 kcal/ 2g Fett/ 2g KH/ 1,2g Protein","https://www.instagram.com/p/DDFiGhOIPpV/"
"SCHNELLE APFEL ZIMT TASCHEN","in 15 Min. im Ofen; ohne Zucker!; nur 133 kcal pro Stück!; 3 Stück = perfekte kleine WPF Mahlzeit mit 30g Protein!","","Teig: 150g Dinkelmehl; 60g Sahne Protein More (= neutral sahniges Protein, das mehr andickt als WHEY. Ein Traum zum proteinreichen Backen und Kochen!); 10g Backpulver; 6-9g Chunky Flavour Vanilla Perfection; 200g Magerquark; 20ml Milch; Füllung: etwas leichte Butter oder Ölspray; 4 Äpfel; 40g No More Sugar (Erythit Stevia Mix); gute Prise Zimt; Topping: etwas No More Sugar + Zimt","","Die Äpfel entkernen und würfeln. In einer Pfanne etwas Butter oder Ölspray erhitzen, die Apfel Würfel darin kurz anbraten und mit Erythrit und Zimt leicht karamellieren; Den Backofen auf 180 Grad Umluft vorheizen und alle Zutaten für den Teig miteinander zu 9 Kugeln à 50g aufteilen und auf bemehlter Arbeitsfläche möglichst rund und dünn ausrollen; Die Apfel-Füllung mittig hineingeben, mit dem Teig verschließen, die Kugel dann nochmal leicht mit Milch bestreichen und in Zimt-Erythrit wälzen; Für ca. 15 Min. bei 180 Grad Umluft backen, fertig! Achtung! Sehr heiß, etwas abkühlen lassen; Glaubt mir, wer die nicht ausprobiert, verpasst was! Schmecken selbst kalt am nächsten Tag noch toll!","133 kcal: 1g Fett/ 20g KH/ 10 g Protein","https://www.instagram.com/p/DC6a-J5i2S2/"
"zuckerfreie gebrannte Mandeln","glaub mir, so schmecken sie wirklich wie das Original und sind ein absolut toller Snack! an sich sind Mandeln nämlich super gesund und den ganzen Zucker kann man sich super einfach sparen!","In 10 min sind die schon fertig!; Aber Achtung, zuckerfrei geht es ein klein wenig anders als mit Zucker!","Basis: 200g naturbelassene Mandeln; 100g Erythrit Stevia Mix (no more Sugar von more); 80ml Wasser; 3g Chunky Flavor nach Wahl für ein leckeres Aroma, zb hier white almond COCONUT oder white chocolate","Raffaello Version: ca 40g Kokosraspeln; ca 50g zuckerfreie weiße Schokolade","Eine Pfanne auf mittlere Hitze stellen. Die Mandeln hinein geben. Wichtig mit Erythrit ist: lieber weniger Hitze & mehr Geduld, es wird sehr heiß & die Mandeln verbrennen schnell!; Das Wasser und no more Sugar direkt mit dazugeben und einrühren. Es lohnt sich NICHT nur reines Erythrit zu nehmen, da dies einen kühlen Beigeschmack hat & nicht ganz so schön karamelliert; Geduld, ca 10 min dauert es, die Mandeln bei köchelnden Wasser brutzeln zu lassen. Bleib unbedingt dabei stehen & rühre immer wieder um, damit alle gleichmäßig braun werden & nicht anbrennen. Wichtig: Erythrit wird nicht wie Zucker wieder fest, sondern bleibt flüssig. Ziel: fast alle Flüssigkeit verdampfen zu lassen; die nun perfekt gebrannten Mandeln mit etwas restlicher kochend heißer Zucker Flüssigkeit in ein hitzebeständiges Gefäß geben, Chunky dazu & umrühren. Gerne nochmal Erythrit dazu geben für Kristalle oder Schokolade & Kokosraspeln für die Raffaello Version; Mandeln auf ein Backpapier verteilen, abkühlen lassen, NICHT direkt anfassen HEIß! und genießen; Du wirst sie lieben!","150kcal: 13g Fett/ 2g KH/ 5g Protein","https://www.instagram.com/p/DC4g6gCCu6I/"
"zuckerfreie HEIDESAND PLÄTZCHEN","Super einfach selbst gemacht! In 10 min ist der Teig schon fertig! Das sind meine liebsten Plätzchen! Geschmacklich wie das Original - du wirst sie lieben!","","Teig: 140g Dinkelmehl Typ 630; 35g more Sahne Protein; 20g Mandeln gemahlen blanchiert; 55g „no more Sugar“ Erythrit stevia Mix pulverisiert im Mixer; 2g Backpulver; 140g Butter; 5g more Chunky „Vanilla“; 5g Backkakao; 5g more Chunky Flavor „Feine Vollmilch Schokolade“ oder „ultra dark CHOCOLATE“; Ca 20-30g no more sugar (für außen)","","Mehl, Protein, gemahlene Mandeln, Pudererythrit-Stevia Mix und Backpulver vermengen. Die weiche Butter dazugeben und alles zu einem Teig verkneten; Den Teig in zwei Hälften teilen; Zu einer Hälfte Vanilla Chunky unterkneten, zu der anderen den Backkakao und das schokoladige Chunky geben und verkneten; Aus beiden Teigen jeweils 3 Kugeln formen. Immer eine dunkle & eine helle Kugel wild miteinander verkneten und alle drei Mamorkugeln wieder zu einem dicken Teigstrang rollen (nicht schlimm, wenn es nicht perfekt hält); Den Teigstrang in Erythrit rollen, in Klarsichtfolie einwickeln & ca 30 Min in den Kühlschrank stellen, damit sie fest wird; Den Backofen auf 160 Grad Umluft vorheizen; Die Teigrolle nochmals in Erythrit rollen & in 27 Stücke schneiden; Diese auf einer Dauerbackfolie ca 10-12 Minuten bei 160 Grad Umluft backen; Herausnehmen & abkühlen lassen. Die Kekse sind zunächst noch weich und bekommen erst ganz kalt ihre perfekte Heidesand Konsistenz","68 kcal: 5g Fett/ 4g KH/ 2g Eiweiß","https://www.instagram.com/p/DCzUUZwI2pI/"
"MANDELHÖRNCHEN","in 10 min im Ofen; ohne Zuckerzusatz; einfach gemacht","","Teig: 120g Mandeln blanchiert, gemahlen; 50 more Protein „Sahne“; 100g no more Sugar MORE (pulverisiert) oder Puder Erythrit; 6g MORE Chunky Flavor „Morezipan“ oder als Alternative: Vanilla Perfection + Bittermandel Aroma aus dem Supermarkt; 30 ml Mandelmilch; 1 Eiklar","Dekoration: ca 50g gehobelte Mandeln; ca 40g Zartbitter Kuvertüre oder zuckerfreie Schokolade","Den Backofen auf 180 Grad O/U oder 160 grad Umluft vorheizen. Der Rest geht ganz fix: Mandeln, Protein, no more Sugar und Chunky verrühren. Milch und Eiklar hinzugeben und alles zu einem Teig verkneten; Aus dem Teig 30 kleine Rollen formen. Diese in gehobelten Mandeln wälzen und zu Hörnchen formen. Auf einer Backmatte/ Backpapier ca 12-15 min bei 180 O/U backen, abkühlen lassen und die Enden mit zuckerfreier Schokolade dekorieren; Nochmals kurz abkühlen lassen und genießen; Die Hörnchen härten mit der Zeit etwas nach - schmecken aber noch tagelang super!","48 kcal: 3,5g Fett/ 1,3g KH/ 2,8g Protein","https://www.instagram.com/p/DCruF_XikSv/"
"VANILLEKIPFERL ohne Zucker","nur 42-50 kcal pro Stück; in 10 Minuten schon in deinem Ofen!; so butterweich, mürbe niemand wird merken, dass wir uns den unnötigen Zucker gespart haben","","Teig: 100g Dinkelmehl Typ 630; 40g More Protein Sahne; 50g blanchierte gemahlene Mandeln; 35g Erythrit - Stevia Mix (No More Sugar MORE) pulverisieren im Mixer oder Puder Erythrit von Amazon; 6g More Chunky Flavour „Vanillekipferl“; 130g Butter (normale Butter = zartere Plätzchen bei nur 5 kcal mehr pro Plätzchen als mit Joghurt Butter)","Zum Wälzen: No More Sugar pulverisiert + Vanillekipferl Chunky Flavour","Alle trockenen Zutaten für den Teig vermengen & dann die fast noch kalte Butter hinzugeben; Mit den Händen verkneten. Zuerst wirkt es, als würde es nicht klappen- nach & nach entsteht ein geschmeidiger Teig; Backofen auf 160 Grad Umluft oder 180 Grad O/U vorheizen; Kipferlteig in eine Kipferl-Backmatte drücken oder mit den Händen 36 Kipferl Formen; 10-12 Minuten backen. Pulverisiertes No More Sugar und Vanillekipferl Chunky vermischen & die noch warmen Kipferl ganz vorsichtig darin wenden. Sie sind noch weich und werden erst mit dem Abkühlen knusprig mürbe; Kipferl abkühlen lassen & zum Schluss nochmal in der Vanille Erythrit Mischung wenden. Fertig","50 kcal: 3,8g Fett/2g KH/ 1,5g Eiweiß","https://www.instagram.com/p/DCoaBOpCltG/"

